{
  "Orange___Haunglongbing_(Citrus_greening)": 0.25934084835013627,
  "Tomato___Tomato_Yellow_Leaf_Curl_Virus": 0.26657826737386103,
  "Soybean___healthy": 0.2805705452099108,
  "Peach___Bacterial_spot": 0.6218552710891152,
  "Tomato___Bacterial_spot": 0.6720898337047831,
  "Tomato___Late_blight": 0.7486632037277519,
  "Squash___Powdery_mildew": 0.778609731876862,
  "Tomato___Septoria_leaf_spot": 0.8066128965886178,
  "Tomato___Spider_mites Two-spotted_spider_mite": 0.8526098303610266,
  "Apple___healthy": 0.8683989012936382,
  "Tomato___healthy": 0.8978745820163987,
  "Blueberry___healthy": 0.9517139250339872,
  "Pepper,_bell___healthy": 0.9668771272135352,
  "Tomato___Target_Spot": 1.0174140973736114,
  "Grape___Esca_(Black_Measles)": 1.0337253454276976,
  "Corn_(maize)___Common_rust_": 1.1982089369765878,
  "Grape___Black_rot": 1.2108660736347912,
  "Corn_(maize)___healthy": 1.2310953397814346,
  "Strawberry___Leaf_scorch": 1.2895723684210527,
  "Grape___Leaf_blight_(Isariopsis_Leaf_Spot)": 1.329456049918611,
  "Cherry_(including_sour)___Powdery_mildew": 1.35923306289439,
  "Tomato___Early_blight": 1.4288890508820529,
  "Potato___Early_blight": 1.4288890508820529,
  "Potato___Late_blight": 1.4288890508820529,
  "Pepper,_bell___Bacterial_spot": 1.4348510357953297,
  "Corn_(maize)___Northern_Leaf_Blight": 1.4509956325412687,
  "Tomato___Leaf_Mold": 1.501685436298169,
  "Cherry_(including_sour)___healthy": 1.6747693096377307,
  "Apple___Apple_scab": 2.272374217482031,
  "Apple___Black_rot": 2.307959496055575,
  "Corn_(maize)___Cercospora_leaf_spot Gray_leaf_spot": 2.7882645803698436,
  "Strawberry___healthy": 3.145298459563543,
  "Grape___healthy": 3.3824849007765314,
  "Tomato___Tomato_mosaic_virus": 3.835159459988261,
  "Raspberry___healthy": 3.863887246205401,
  "Peach___healthy": 3.967914979757085,
  "Apple___Cedar_apple_rust": 5.210393407761829,
  "Potato___healthy": 9.464751327860936
}