{
  "Apple___Apple_scab": 2.271678645954092,
  "Apple___Black_rot": 2.3072530319086306,
  "Apple___Cedar_apple_rust": 5.20879851143009,
  "Apple___healthy": 0.8725398521684923,
  "Blueberry___healthy": 0.9514226063313265,
  "Cherry_(including_sour)___Powdery_mildew": 1.3588170029817628,
  "Cherry_(including_sour)___healthy": 1.6742566643882433,
  "Corn_(maize)___Cercospora_leaf_spot Gray_leaf_spot": 2.787411095305832,
  "Corn_(maize)___Common_rust_": 1.1978421663915888,
  "Corn_(maize)___Northern_Leaf_Blight": 1.4505514841957214,
  "Corn_(maize)___healthy": 1.2307185027006657,
  "Grape___Black_rot": 1.2104954287126266,
  "Grape___Esca_(Black_Measles)": 1.0334089231093766,
  "Grape___Leaf_blight_(Isariopsis_Leaf_Spot)": 1.3290491047205644,
  "Grape___healthy": 3.3814495254529766,
  "Orange___Haunglongbing_(Citrus_greening)": 0.2592614643698235,
  "Peach___Bacterial_spot": 0.6216649217981663,
  "Peach___healthy": 3.9667004048582997,
  "Pepper,_bell___Bacterial_spot": 1.4344118292950736,
  "Pepper,_bell___healthy": 0.9665811670695013,
  "Potato___Early_blight": 1.428451669339554,
  "Potato___Late_blight": 1.428451669339554,
  "Potato___healthy": 9.46185417672622,
  "Raspberry___healthy": 3.8627045140942244,
  "Soybean___healthy": 0.28048466284012996,
  "Squash___Powdery_mildew": 0.7783714001986097,
  "Strawberry___Leaf_scorch": 1.2891776315789474,
  "Strawberry___healthy": 3.14433568677792,
  "Tomato___Bacterial_spot": 0.6718841076632951,
  "Tomato___Early_blight": 1.428451669339554,
  "Tomato___Late_blight": 0.7517070738069664,
  "Tomato___Leaf_Mold": 1.5012257718532138,
  "Tomato___Septoria_leaf_spot": 0.8063659931690054,
  "Tomato___Spider_mites Two-spotted_spider_mite": 0.8523488473249239,
  "Tomato___Target_Spot": 1.0171026679123845,
  "Tomato___Tomato_Yellow_Leaf_Curl_Virus": 0.2664966680266558,
  "Tomato___Tomato_mosaic_virus": 3.833985521424379,
  "Tomato___healthy": 0.8975997434840365
}